accession	ncbi_organism_name	ncbi_taxonomy	gtdb_taxonomy	gtdb_species_representative	ncbi_type_material
GCA_000158155.1	gamma proteobacterium NOR5-3	d__Bacteria; p__Pseudomonadota; c__Gammaproteobacteria; o__; f__; g__; s__	d__Bacteria; p__Pseudomonadota; c__Gammaproteobacteria; o__Pseudomonadales; f__Halieaceae; g__Congregibacter; s__Congregibacter sp000158155	True	True
GCA_000169115.1	marine gamma proteobacterium HTCC2080	d__Bacteria; p__Pseudomonadota; c__Gammaproteobacteria; o__Cellvibrionales; f__Halieaceae; g__; s__	d__Bacteria; p__Pseudomonadota; c__Gammaproteobacteria; o__Pseudomonadales; f__Halieaceae; g__Luminiphilus; s__Luminiphilus sp000169115	True	True
GCA_000227505.4	gamma proteobacterium HIMB55	d__Bacteria; p__Pseudomonadota; c__Gammaproteobacteria; o__Cellvibrionales; f__Halieaceae; g__; s__	d__Bacteria; p__Pseudomonadota; c__Gammaproteobacteria; o__Pseudomonadales; f__Halieaceae; g__Luminiphilus; s__Luminiphilus sp000227505	True	True
GCA_002377985.1	Halieaceae bacterium UBA3479	d__Bacteria; p__Pseudomonadota; c__Gammaproteobacteria; o__Cellvibrionales; f__Halieaceae; g__; s__	d__Bacteria; p__Pseudomonadota; c__Gammaproteobacteria; o__Pseudomonadales; f__Halieaceae; g__Luminiphilus; s__Luminiphilus sp002377985	True	True
GCA_002389505.1	Halieaceae bacterium UBA4452	d__Bacteria; p__Pseudomonadota; c__Gammaproteobacteria; o__Cellvibrionales; f__Halieaceae; g__; s__	d__Bacteria; p__Pseudomonadota; c__Gammaproteobacteria; o__Pseudomonadales; f__Halieaceae; g__Luminiphilus; s__Luminiphilus sp002389505	True	True
GCA_002414665.1	Halieaceae bacterium UBA5085	d__Bacteria; p__Pseudomonadota; c__Gammaproteobacteria; o__Cellvibrionales; f__Halieaceae; g__; s__	d__Bacteria; p__Pseudomonadota; c__Gammaproteobacteria; o__Pseudomonadales; f__Halieaceae; g__Haliea; s__Haliea sp002414665	True	True
GCA_002416125.1	Halieaceae bacterium UBA5044	d__Bacteria; p__Pseudomonadota; c__Gammaproteobacteria; o__Cellvibrionales; f__Halieaceae; g__; s__	d__Bacteria; p__Pseudomonadota; c__Gammaproteobacteria; o__Pseudomonadales; f__Halieaceae; g__Haliea; s__Haliea sp002416125	True	True
GCA_002428935.1	Halieaceae bacterium UBA6060	d__Bacteria; p__Pseudomonadota; c__Gammaproteobacteria; o__Cellvibrionales; f__Halieaceae; g__; s__	d__Bacteria; p__Pseudomonadota; c__Gammaproteobacteria; o__Pseudomonadales; f__Halieaceae; g__Congregibacter; s__Congregibacter sp002428935	True	True
GCA_002456975.1	Halieaceae bacterium MED-G27	d__Bacteria; p__Pseudomonadota; c__Gammaproteobacteria; o__Cellvibrionales; f__Halieaceae; g__; s__	d__Bacteria; p__Pseudomonadota; c__Gammaproteobacteria; o__Pseudomonadales; f__Halieaceae; g__Luminiphilus; s__Luminiphilus sp002456975	True	True
GCA_002683335.1	Halieaceae bacterium	d__Bacteria; p__Pseudomonadota; c__Gammaproteobacteria; o__Cellvibrionales; f__Halieaceae; g__; s__	d__Bacteria; p__Pseudomonadota; c__Gammaproteobacteria; o__Pseudomonadales; f__Halieaceae; g__Luminiphilus; s__Luminiphilus sp002683335	True	True
GCA_002683395.1	Halieaceae bacterium	d__Bacteria; p__Pseudomonadota; c__Gammaproteobacteria; o__Cellvibrionales; f__Halieaceae; g__; s__	d__Bacteria; p__Pseudomonadota; c__Gammaproteobacteria; o__Pseudomonadales; f__Halieaceae; g__Luminiphilus; s__Luminiphilus sp002683395	True	True
GCA_002691565.1	Halieaceae bacterium	d__Bacteria; p__Pseudomonadota; c__Gammaproteobacteria; o__Cellvibrionales; f__Halieaceae; g__; s__	d__Bacteria; p__Pseudomonadota; c__Gammaproteobacteria; o__Pseudomonadales; f__Halieaceae; g__Luminiphilus; s__Luminiphilus sp002691565	True	True
GCA_002692965.1	Haliea sp.	d__Bacteria; p__Pseudomonadota; c__Gammaproteobacteria; o__Cellvibrionales; f__Halieaceae; g__Haliea; s__	d__Bacteria; p__Pseudomonadota; c__Gammaproteobacteria; o__Pseudomonadales; f__Halieaceae; g__NZNC01; s__NZNC01 sp002692965	True	True
GCA_002699145.1	Halioglobus sp.	d__Bacteria; p__Pseudomonadota; c__Gammaproteobacteria; o__Cellvibrionales; f__Halieaceae; g__Halioglobus; s__	d__Bacteria; p__Pseudomonadota; c__Gammaproteobacteria; o__Pseudomonadales; f__Halieaceae; g__Halioglobus; s__Halioglobus sp002699145	True	True
GCA_002705465.1	Halieaceae bacterium	d__Bacteria; p__Pseudomonadota; c__Gammaproteobacteria; o__Cellvibrionales; f__Halieaceae; g__; s__	d__Bacteria; p__Pseudomonadota; c__Gammaproteobacteria; o__Pseudomonadales; f__Halieaceae; g__Luminiphilus; s__Luminiphilus sp002705465	True	True
GCA_002721785.1	Halieaceae bacterium	d__Bacteria; p__Pseudomonadota; c__Gammaproteobacteria; o__Cellvibrionales; f__Halieaceae; g__; s__	d__Bacteria; p__Pseudomonadota; c__Gammaproteobacteria; o__Pseudomonadales; f__Halieaceae; g__Luminiphilus; s__Luminiphilus sp002721785	True	True
GCA_002748505.1	Gammaproteobacteria bacterium	d__Bacteria; p__Pseudomonadota; c__Gammaproteobacteria; o__; f__; g__; s__	d__Bacteria; p__Pseudomonadota; c__Gammaproteobacteria; o__Pseudomonadales; f__Halieaceae; g__GCA-2748505; s__GCA-2748505 sp002748505	True	True
GCA_002862405.1	Pseudomonadota bacterium	d__Bacteria; p__Pseudomonadota; c__; o__; f__; g__; s__	d__Bacteria; p__Pseudomonadota; c__Gammaproteobacteria; o__Pseudomonadales; f__Halieaceae; g__Luminiphilus; s__Luminiphilus sp002862405	True	True
GCA_002862465.1	Haliea sp.	d__Bacteria; p__Pseudomonadota; c__Gammaproteobacteria; o__Cellvibrionales; f__Halieaceae; g__Haliea; s__	d__Bacteria; p__Pseudomonadota; c__Gammaproteobacteria; o__Pseudomonadales; f__Halieaceae; g__Halioglobus; s__Halioglobus sp002862465	True	True
GCA_002862985.1	Haliea sp.	d__Bacteria; p__Pseudomonadota; c__Gammaproteobacteria; o__Cellvibrionales; f__Halieaceae; g__Haliea; s__	d__Bacteria; p__Pseudomonadota; c__Gammaproteobacteria; o__Pseudomonadales; f__Halieaceae; g__Halioglobus; s__Halioglobus sp002862985	True	True
GCA_003331685.1	Halieaceae bacterium	d__Bacteria; p__Pseudomonadota; c__Gammaproteobacteria; o__Cellvibrionales; f__Halieaceae; g__; s__	d__Bacteria; p__Pseudomonadota; c__Gammaproteobacteria; o__Pseudomonadales; f__Halieaceae; g__Luminiphilus; s__Luminiphilus sp003331685	True	True
GCA_003520285.1	Halieaceae bacterium	d__Bacteria; p__Pseudomonadota; c__Gammaproteobacteria; o__Cellvibrionales; f__Halieaceae; g__; s__	d__Bacteria; p__Pseudomonadota; c__Gammaproteobacteria; o__Pseudomonadales; f__Halieaceae; g__Aequoribacter; s__Aequoribacter sp003520285	True	True
GCA_003523185.1	Halieaceae bacterium	d__Bacteria; p__Pseudomonadota; c__Gammaproteobacteria; o__Cellvibrionales; f__Halieaceae; g__; s__	d__Bacteria; p__Pseudomonadota; c__Gammaproteobacteria; o__Pseudomonadales; f__Halieaceae; g__Luminiphilus; s__Luminiphilus sp003523185	True	True
GCA_003646405.1	Gammaproteobacteria bacterium	d__Bacteria; p__Pseudomonadota; c__Gammaproteobacteria; o__; f__; g__; s__	d__Bacteria; p__Pseudomonadota; c__Gammaproteobacteria; o__Pseudomonadales; f__Halieaceae; g__Halioglobus; s__Halioglobus sp003646405	True	True
GCA_003646415.1	Gammaproteobacteria bacterium	d__Bacteria; p__Pseudomonadota; c__Gammaproteobacteria; o__; f__; g__; s__	d__Bacteria; p__Pseudomonadota; c__Gammaproteobacteria; o__Pseudomonadales; f__Halieaceae; g__Halioglobus; s__Halioglobus sp003646415	True	True
GCA_008081075.1	Halieaceae bacterium	d__Bacteria; p__Pseudomonadota; c__Gammaproteobacteria; o__Cellvibrionales; f__Halieaceae; g__; s__	d__Bacteria; p__Pseudomonadota; c__Gammaproteobacteria; o__Pseudomonadales; f__Halieaceae; g__Luminiphilus; s__Luminiphilus sp008081075	True	True
GCA_009937065.1	Gammaproteobacteria bacterium	d__Bacteria; p__Pseudomonadota; c__Gammaproteobacteria; o__; f__; g__; s__	d__Bacteria; p__Pseudomonadota; c__Gammaproteobacteria; o__Pseudomonadales; f__Halieaceae; g__Luminiphilus; s__Luminiphilus sp009937065	True	True
GCA_009937575.1	Haliea sp.	d__Bacteria; p__Pseudomonadota; c__Gammaproteobacteria; o__Cellvibrionales; f__Halieaceae; g__Haliea; s__	d__Bacteria; p__Pseudomonadota; c__Gammaproteobacteria; o__Pseudomonadales; f__Halieaceae; g__Halioglobus; s__Halioglobus sp009937575	True	True
GCA_011523115.1	Halieaceae bacterium	d__Bacteria; p__Pseudomonadota; c__Gammaproteobacteria; o__Cellvibrionales; f__Halieaceae; g__; s__	d__Bacteria; p__Pseudomonadota; c__Gammaproteobacteria; o__Pseudomonadales; f__Halieaceae; g__Luminiphilus; s__Luminiphilus sp011523115	True	True
GCA_011524755.1	Halieaceae bacterium	d__Bacteria; p__Pseudomonadota; c__Gammaproteobacteria; o__Cellvibrionales; f__Halieaceae; g__; s__	d__Bacteria; p__Pseudomonadota; c__Gammaproteobacteria; o__Pseudomonadales; f__Halieaceae; g__Luminiphilus; s__Luminiphilus sp011524755	True	True
GCA_012270045.1	Luminiphilus sp.	d__Bacteria; p__Pseudomonadota; c__Gammaproteobacteria; o__Cellvibrionales; f__Halieaceae; g__Luminiphilus; s__	d__Bacteria; p__Pseudomonadota; c__Gammaproteobacteria; o__Pseudomonadales; f__Halieaceae; g__Luminiphilus; s__Luminiphilus sp012270045	True	True
GCA_013214285.1	Halioglobus sp.	d__Bacteria; p__Pseudomonadota; c__Gammaproteobacteria; o__Cellvibrionales; f__Halieaceae; g__Halioglobus; s__	d__Bacteria; p__Pseudomonadota; c__Gammaproteobacteria; o__Pseudomonadales; f__Halieaceae; g__Halioglobus; s__Halioglobus sp013214285	True	True
GCA_013911345.1	Congregibacter sp.	d__Bacteria; p__Pseudomonadota; c__Gammaproteobacteria; o__Cellvibrionales; f__Halieaceae; g__Congregibacter; s__	d__Bacteria; p__Pseudomonadota; c__Gammaproteobacteria; o__Pseudomonadales; f__Halieaceae; g__Luminiphilus; s__Luminiphilus sp013911345	True	True
GCA_015222725.1	Pseudomonadota bacterium	d__Bacteria; p__Pseudomonadota; c__; o__; f__; g__; s__	d__Bacteria; p__Pseudomonadota; c__Gammaproteobacteria; o__Pseudomonadales; f__Halieaceae; g__Halioglobus; s__Halioglobus sp015222725	True	True
GCA_016704305.1	Haliea sp.	d__Bacteria; p__Pseudomonadota; c__Gammaproteobacteria; o__Cellvibrionales; f__Halieaceae; g__Haliea; s__	d__Bacteria; p__Pseudomonadota; c__Gammaproteobacteria; o__Pseudomonadales; f__Halieaceae; g__Halioglobus; s__Halioglobus sp016704305	True	True
GCA_016744355.1	Halieaceae bacterium	d__Bacteria; p__Pseudomonadota; c__Gammaproteobacteria; o__Cellvibrionales; f__Halieaceae; g__; s__	d__Bacteria; p__Pseudomonadota; c__Gammaproteobacteria; o__Pseudomonadales; f__Halieaceae; g__Halioglobus; s__Halioglobus sp016744355	True	True
GCA_016778045.1	Luminiphilus sp.	d__Bacteria; p__Pseudomonadota; c__Gammaproteobacteria; o__Cellvibrionales; f__Halieaceae; g__Luminiphilus; s__	d__Bacteria; p__Pseudomonadota; c__Gammaproteobacteria; o__Pseudomonadales; f__Halieaceae; g__Luminiphilus; s__Luminiphilus sp016778045	True	True
GCA_016778085.1	Luminiphilus sp.	d__Bacteria; p__Pseudomonadota; c__Gammaproteobacteria; o__Cellvibrionales; f__Halieaceae; g__Luminiphilus; s__	d__Bacteria; p__Pseudomonadota; c__Gammaproteobacteria; o__Pseudomonadales; f__Halieaceae; g__Luminiphilus; s__Luminiphilus sp016778085	True	True
GCA_016779445.1	Luminiphilus sp.	d__Bacteria; p__Pseudomonadota; c__Gammaproteobacteria; o__Cellvibrionales; f__Halieaceae; g__Luminiphilus; s__	d__Bacteria; p__Pseudomonadota; c__Gammaproteobacteria; o__Pseudomonadales; f__Halieaceae; g__Luminiphilus; s__Luminiphilus sp016779445	True	True
GCA_018222695.1	Gammaproteobacteria bacterium	d__Bacteria; p__Pseudomonadota; c__Gammaproteobacteria; o__; f__; g__; s__	d__Bacteria; p__Pseudomonadota; c__Gammaproteobacteria; o__Pseudomonadales; f__Halieaceae; g__Luminiphilus; s__Luminiphilus sp018222695	True	True
GCA_018657645.1	Halieaceae bacterium	d__Bacteria; p__Pseudomonadota; c__Gammaproteobacteria; o__Cellvibrionales; f__Halieaceae; g__; s__	d__Bacteria; p__Pseudomonadota; c__Gammaproteobacteria; o__Pseudomonadales; f__Halieaceae; g__Halioglobus; s__Halioglobus sp018657645	True	True
GCA_018666055.1	Halieaceae bacterium	d__Bacteria; p__Pseudomonadota; c__Gammaproteobacteria; o__Cellvibrionales; f__Halieaceae; g__; s__	d__Bacteria; p__Pseudomonadota; c__Gammaproteobacteria; o__Pseudomonadales; f__Halieaceae; g__Luminiphilus; s__Luminiphilus sp018666055	True	True
GCA_018666295.1	Halieaceae bacterium	d__Bacteria; p__Pseudomonadota; c__Gammaproteobacteria; o__Cellvibrionales; f__Halieaceae; g__; s__	d__Bacteria; p__Pseudomonadota; c__Gammaproteobacteria; o__Pseudomonadales; f__Halieaceae; g__Luminiphilus; s__Luminiphilus sp018666295	True	True
GCA_020443325.1	Halioglobus sp.	d__Bacteria; p__Pseudomonadota; c__Gammaproteobacteria; o__Cellvibrionales; f__Halieaceae; g__Halioglobus; s__	d__Bacteria; p__Pseudomonadota; c__Gammaproteobacteria; o__Pseudomonadales; f__Halieaceae; g__Halioglobus; s__Halioglobus sp020443325	True	True
GCA_020443345.1	Halioglobus sp.	d__Bacteria; p__Pseudomonadota; c__Gammaproteobacteria; o__Cellvibrionales; f__Halieaceae; g__Halioglobus; s__	d__Bacteria; p__Pseudomonadota; c__Gammaproteobacteria; o__Pseudomonadales; f__Halieaceae; g__Halioglobus; s__Halioglobus sp020443345	True	True
GCA_020443425.1	Halioglobus sp.	d__Bacteria; p__Pseudomonadota; c__Gammaproteobacteria; o__Cellvibrionales; f__Halieaceae; g__Halioglobus; s__	d__Bacteria; p__Pseudomonadota; c__Gammaproteobacteria; o__Pseudomonadales; f__Halieaceae; g__Halioglobus; s__Halioglobus sp020443425	True	True
GCA_022425845.1	Luminiphilus sp.	d__Bacteria; p__Pseudomonadota; c__Gammaproteobacteria; o__Cellvibrionales; f__Halieaceae; g__Luminiphilus; s__	d__Bacteria; p__Pseudomonadota; c__Gammaproteobacteria; o__Pseudomonadales; f__Halieaceae; g__Luminiphilus; s__Luminiphilus sp022425845	True	True
GCA_023253715.1	Halieaceae bacterium	d__Bacteria; p__Pseudomonadota; c__Gammaproteobacteria; o__Cellvibrionales; f__Halieaceae; g__; s__	d__Bacteria; p__Pseudomonadota; c__Gammaproteobacteria; o__Pseudomonadales; f__Halieaceae; g__Aequoribacter; s__Aequoribacter sp023253715	True	True
GCA_024224435.1	Halieaceae bacterium	d__Bacteria; p__Pseudomonadota; c__Gammaproteobacteria; o__Cellvibrionales; f__Halieaceae; g__; s__	d__Bacteria; p__Pseudomonadota; c__Gammaproteobacteria; o__Pseudomonadales; f__Halieaceae; g__Halioglobus; s__Halioglobus sp024224435	True	True
GCA_024234675.1	Pseudomonadales bacterium	d__Bacteria; p__Pseudomonadota; c__Gammaproteobacteria; o__Pseudomonadales; f__; g__; s__	d__Bacteria; p__Pseudomonadota; c__Gammaproteobacteria; o__Pseudomonadales; f__Halieaceae; g__Halioglobus; s__Halioglobus sp024234675	True	True
GCA_024234735.1	Pseudomonadales bacterium	d__Bacteria; p__Pseudomonadota; c__Gammaproteobacteria; o__Pseudomonadales; f__; g__; s__	d__Bacteria; p__Pseudomonadota; c__Gammaproteobacteria; o__Pseudomonadales; f__Halieaceae; g__Halioglobus; s__Halioglobus sp024234735	True	True
GCA_024234815.1	Pseudomonadales bacterium	d__Bacteria; p__Pseudomonadota; c__Gammaproteobacteria; o__Pseudomonadales; f__; g__; s__	d__Bacteria; p__Pseudomonadota; c__Gammaproteobacteria; o__Pseudomonadales; f__Halieaceae; g__Halioglobus; s__Halioglobus sp024234815	True	True
GCA_024234855.1	Pseudomonadales bacterium	d__Bacteria; p__Pseudomonadota; c__Gammaproteobacteria; o__Pseudomonadales; f__; g__; s__	d__Bacteria; p__Pseudomonadota; c__Gammaproteobacteria; o__Pseudomonadales; f__Halieaceae; g__Halioglobus; s__Halioglobus sp024234855	True	True
GCA_024638905.1	Luminiphilus sp.	d__Bacteria; p__Pseudomonadota; c__Gammaproteobacteria; o__Cellvibrionales; f__Halieaceae; g__Luminiphilus; s__	d__Bacteria; p__Pseudomonadota; c__Gammaproteobacteria; o__Pseudomonadales; f__Halieaceae; g__Luminiphilus; s__Luminiphilus sp024638905	True	True
GCA_024640505.1	Halieaceae bacterium	d__Bacteria; p__Pseudomonadota; c__Gammaproteobacteria; o__Cellvibrionales; f__Halieaceae; g__; s__	d__Bacteria; p__Pseudomonadota; c__Gammaproteobacteria; o__Pseudomonadales; f__Halieaceae; g__Halioglobus; s__Halioglobus sp024640505	True	True
GCA_024642245.1	Haliea sp.	d__Bacteria; p__Pseudomonadota; c__Gammaproteobacteria; o__Cellvibrionales; f__Halieaceae; g__Haliea; s__	d__Bacteria; p__Pseudomonadota; c__Gammaproteobacteria; o__Pseudomonadales; f__Halieaceae; g__Halioglobus; s__Halioglobus sp024642245	True	True
GCA_024642265.1	Haliea sp.	d__Bacteria; p__Pseudomonadota; c__Gammaproteobacteria; o__Cellvibrionales; f__Halieaceae; g__Haliea; s__	d__Bacteria; p__Pseudomonadota; c__Gammaproteobacteria; o__Pseudomonadales; f__Halieaceae; g__Halioglobus; s__Halioglobus sp024642265	True	True
GCA_024644535.1	Gammaproteobacteria bacterium	d__Bacteria; p__Pseudomonadota; c__Gammaproteobacteria; o__; f__; g__; s__	d__Bacteria; p__Pseudomonadota; c__Gammaproteobacteria; o__Pseudomonadales; f__Halieaceae; g__Aequoribacter; s__Aequoribacter sp024644535	True	True
GCA_024686215.1	Gammaproteobacteria bacterium	d__Bacteria; p__Pseudomonadota; c__Gammaproteobacteria; o__; f__; g__; s__	d__Bacteria; p__Pseudomonadota; c__Gammaproteobacteria; o__Pseudomonadales; f__Halieaceae; g__Halioglobus; s__Halioglobus sp024686215	True	True
GCA_024742415.1	Gammaproteobacteria bacterium	d__Bacteria; p__Pseudomonadota; c__Gammaproteobacteria; o__; f__; g__; s__	d__Bacteria; p__Pseudomonadota; c__Gammaproteobacteria; o__Pseudomonadales; f__Halieaceae; g__Halioglobus; s__Halioglobus sp024742415	True	True
GCA_026710905.1	Halieaceae bacterium	d__Bacteria; p__Pseudomonadota; c__Gammaproteobacteria; o__Cellvibrionales; f__Halieaceae; g__; s__	d__Bacteria; p__Pseudomonadota; c__Gammaproteobacteria; o__Pseudomonadales; f__Halieaceae; g__JAPOQD01; s__JAPOQD01 sp026710905	True	True
GCA_027295405.1	Gammaproteobacteria bacterium	d__Bacteria; p__Pseudomonadota; c__Gammaproteobacteria; o__; f__; g__; s__	d__Bacteria; p__Pseudomonadota; c__Gammaproteobacteria; o__Pseudomonadales; f__Halieaceae; g__JAPUKZ01; s__JAPUKZ01 sp027295405	True	True
GCA_028117185.1	Luminiphilus sp.	d__Bacteria; p__Pseudomonadota; c__Gammaproteobacteria; o__Cellvibrionales; f__Halieaceae; g__Luminiphilus; s__	d__Bacteria; p__Pseudomonadota; c__Gammaproteobacteria; o__Pseudomonadales; f__Halieaceae; g__Luminiphilus; s__Luminiphilus sp028117185	True	True
GCA_028277365.1	Halieaceae bacterium	d__Bacteria; p__Pseudomonadota; c__Gammaproteobacteria; o__Cellvibrionales; f__Halieaceae; g__; s__	d__Bacteria; p__Pseudomonadota; c__Gammaproteobacteria; o__Pseudomonadales; f__Halieaceae; g__JANQIO01; s__JANQIO01 sp028277365	True	True
GCA_028280635.1	Halieaceae bacterium	d__Bacteria; p__Pseudomonadota; c__Gammaproteobacteria; o__Cellvibrionales; f__Halieaceae; g__; s__	d__Bacteria; p__Pseudomonadota; c__Gammaproteobacteria; o__Pseudomonadales; f__Halieaceae; g__JANQIO01; s__JANQIO01 sp028280635	True	True
GCA_028282105.1	Halieaceae bacterium	d__Bacteria; p__Pseudomonadota; c__Gammaproteobacteria; o__Cellvibrionales; f__Halieaceae; g__; s__	d__Bacteria; p__Pseudomonadota; c__Gammaproteobacteria; o__Pseudomonadales; f__Halieaceae; g__JANQIO01; s__JANQIO01 sp028282105	True	True
GCA_028823475.1	Halioglobus sp.	d__Bacteria; p__Pseudomonadota; c__Gammaproteobacteria; o__Cellvibrionales; f__Halieaceae; g__Halioglobus; s__	d__Bacteria; p__Pseudomonadota; c__Gammaproteobacteria; o__Pseudomonadales; f__Halieaceae; g__Halioglobus; s__Halioglobus sp028823475	True	True
GCA_028825045.1	Halioglobus sp.	d__Bacteria; p__Pseudomonadota; c__Gammaproteobacteria; o__Cellvibrionales; f__Halieaceae; g__Halioglobus; s__	d__Bacteria; p__Pseudomonadota; c__Gammaproteobacteria; o__Pseudomonadales; f__Halieaceae; g__Halioglobus; s__Halioglobus sp028825045	True	True
GCA_029242325.1	Luminiphilus sp.	d__Bacteria; p__Pseudomonadota; c__Gammaproteobacteria; o__Cellvibrionales; f__Halieaceae; g__Luminiphilus; s__	d__Bacteria; p__Pseudomonadota; c__Gammaproteobacteria; o__Pseudomonadales; f__Halieaceae; g__Luminiphilus; s__Luminiphilus sp029242325	True	True
GCA_029246385.1	Halioglobus sp.	d__Bacteria; p__Pseudomonadota; c__Gammaproteobacteria; o__Cellvibrionales; f__Halieaceae; g__Halioglobus; s__	d__Bacteria; p__Pseudomonadota; c__Gammaproteobacteria; o__Pseudomonadales; f__Halieaceae; g__Halioglobus; s__Halioglobus sp029246385	True	True
GCA_029247075.1	Halieaceae bacterium	d__Bacteria; p__Pseudomonadota; c__Gammaproteobacteria; o__Cellvibrionales; f__Halieaceae; g__; s__	d__Bacteria; p__Pseudomonadota; c__Gammaproteobacteria; o__Pseudomonadales; f__Halieaceae; g__CABYJX01; s__CABYJX01 sp029247075	True	True
GCA_029251065.1	Luminiphilus sp.	d__Bacteria; p__Pseudomonadota; c__Gammaproteobacteria; o__Cellvibrionales; f__Halieaceae; g__Luminiphilus; s__	d__Bacteria; p__Pseudomonadota; c__Gammaproteobacteria; o__Pseudomonadales; f__Halieaceae; g__Luminiphilus; s__Luminiphilus sp029251065	True	True
GCA_029253085.1	Luminiphilus sp.	d__Bacteria; p__Pseudomonadota; c__Gammaproteobacteria; o__Cellvibrionales; f__Halieaceae; g__Luminiphilus; s__	d__Bacteria; p__Pseudomonadota; c__Gammaproteobacteria; o__Pseudomonadales; f__Halieaceae; g__Luminiphilus; s__Luminiphilus sp029253085	True	True
GCA_029253705.1	Luminiphilus sp.	d__Bacteria; p__Pseudomonadota; c__Gammaproteobacteria; o__Cellvibrionales; f__Halieaceae; g__Luminiphilus; s__	d__Bacteria; p__Pseudomonadota; c__Gammaproteobacteria; o__Pseudomonadales; f__Halieaceae; g__Luminiphilus; s__Luminiphilus sp029253705	True	True
GCA_029287595.1	Halioglobus sp.	d__Bacteria; p__Pseudomonadota; c__Gammaproteobacteria; o__Cellvibrionales; f__Halieaceae; g__Halioglobus; s__	d__Bacteria; p__Pseudomonadota; c__Gammaproteobacteria; o__Pseudomonadales; f__Halieaceae; g__Halioglobus; s__Halioglobus sp029287595	True	True
GCA_029859085.1	Gammaproteobacteria bacterium	d__Bacteria; p__Pseudomonadota; c__Gammaproteobacteria; o__; f__; g__; s__	d__Bacteria; p__Pseudomonadota; c__Gammaproteobacteria; o__Pseudomonadales; f__Halieaceae; g__Halioglobus; s__Halioglobus sp029859085	True	True
GCA_030066555.1	Halieaceae bacterium	d__Bacteria; p__Pseudomonadota; c__Gammaproteobacteria; o__Cellvibrionales; f__Halieaceae; g__; s__	d__Bacteria; p__Pseudomonadota; c__Gammaproteobacteria; o__Pseudomonadales; f__Halieaceae; g__JANQIO01; s__JANQIO01 sp030066555	True	True
GCA_030426545.1	Gammaproteobacteria bacterium	d__Bacteria; p__Pseudomonadota; c__Gammaproteobacteria; o__; f__; g__; s__	d__Bacteria; p__Pseudomonadota; c__Gammaproteobacteria; o__Pseudomonadales; f__Halieaceae; g__Halioglobus; s__Halioglobus sp030426545	True	True
GCA_030427085.1	Gammaproteobacteria bacterium	d__Bacteria; p__Pseudomonadota; c__Gammaproteobacteria; o__; f__; g__; s__	d__Bacteria; p__Pseudomonadota; c__Gammaproteobacteria; o__Pseudomonadales; f__Halieaceae; g__JAUHXH01; s__JAUHXH01 sp030427085	True	True
GCA_030427335.1	Gammaproteobacteria bacterium	d__Bacteria; p__Pseudomonadota; c__Gammaproteobacteria; o__; f__; g__; s__	d__Bacteria; p__Pseudomonadota; c__Gammaproteobacteria; o__Pseudomonadales; f__Halieaceae; g__Aequoribacter; s__Aequoribacter sp030427335	True	True
GCA_030427485.1	Gammaproteobacteria bacterium	d__Bacteria; p__Pseudomonadota; c__Gammaproteobacteria; o__; f__; g__; s__	d__Bacteria; p__Pseudomonadota; c__Gammaproteobacteria; o__Pseudomonadales; f__Halieaceae; g__Halioglobus; s__Halioglobus sp030427485	True	True
GCA_030428835.1	Gammaproteobacteria bacterium	d__Bacteria; p__Pseudomonadota; c__Gammaproteobacteria; o__; f__; g__; s__	d__Bacteria; p__Pseudomonadota; c__Gammaproteobacteria; o__Pseudomonadales; f__Halieaceae; g__Halioglobus; s__Halioglobus sp030428835	True	True
GCA_030431585.1	Gammaproteobacteria bacterium	d__Bacteria; p__Pseudomonadota; c__Gammaproteobacteria; o__; f__; g__; s__	d__Bacteria; p__Pseudomonadota; c__Gammaproteobacteria; o__Pseudomonadales; f__Halieaceae; g__Halioglobus; s__Halioglobus sp030431585	True	True
GCA_030433415.1	Gammaproteobacteria bacterium	d__Bacteria; p__Pseudomonadota; c__Gammaproteobacteria; o__; f__; g__; s__	d__Bacteria; p__Pseudomonadota; c__Gammaproteobacteria; o__Pseudomonadales; f__Halieaceae; g__Congregibacter; s__Congregibacter sp030433415	True	True
GCA_030591305.1	Pseudomonadota bacterium	d__Bacteria; p__Pseudomonadota; c__; o__; f__; g__; s__	d__Bacteria; p__Pseudomonadota; c__Gammaproteobacteria; o__Pseudomonadales; f__Halieaceae; g__Halioglobus; s__Halioglobus sp030591305	True	True
GCA_030730585.1	Haliea sp.	d__Bacteria; p__Pseudomonadota; c__Gammaproteobacteria; o__Cellvibrionales; f__Halieaceae; g__Haliea; s__	d__Bacteria; p__Pseudomonadota; c__Gammaproteobacteria; o__Pseudomonadales; f__Halieaceae; g__Haliea; s__Haliea sp030730585	True	True
GCA_902518075.1	Halieaceae bacterium	d__Bacteria; p__Pseudomonadota; c__Gammaproteobacteria; o__Cellvibrionales; f__Halieaceae; g__; s__	d__Bacteria; p__Pseudomonadota; c__Gammaproteobacteria; o__Pseudomonadales; f__Halieaceae; g__Luminiphilus; s__Luminiphilus sp902518075	True	True
GCA_902519405.1	uncultured Gammaproteobacteria bacterium	d__Bacteria; p__Pseudomonadota; c__Gammaproteobacteria; o__; f__; g__; s__	d__Bacteria; p__Pseudomonadota; c__Gammaproteobacteria; o__Pseudomonadales; f__Halieaceae; g__CABYJX01; s__CABYJX01 sp902519405	True	True
GCA_902520195.1	Halieaceae bacterium	d__Bacteria; p__Pseudomonadota; c__Gammaproteobacteria; o__Cellvibrionales; f__Halieaceae; g__; s__	d__Bacteria; p__Pseudomonadota; c__Gammaproteobacteria; o__Pseudomonadales; f__Halieaceae; g__Luminiphilus; s__Luminiphilus sp902520195	True	True
GCA_902522335.1	Halieaceae bacterium	d__Bacteria; p__Pseudomonadota; c__Gammaproteobacteria; o__Cellvibrionales; f__Halieaceae; g__; s__	d__Bacteria; p__Pseudomonadota; c__Gammaproteobacteria; o__Pseudomonadales; f__Halieaceae; g__Luminiphilus; s__Luminiphilus sp902522335	True	True
GCA_902547755.1	Halieaceae bacterium	d__Bacteria; p__Pseudomonadota; c__Gammaproteobacteria; o__Cellvibrionales; f__Halieaceae; g__; s__	d__Bacteria; p__Pseudomonadota; c__Gammaproteobacteria; o__Pseudomonadales; f__Halieaceae; g__Luminiphilus; s__Luminiphilus sp902547755	True	True
GCA_902613175.1	Halieaceae bacterium	d__Bacteria; p__Pseudomonadota; c__Gammaproteobacteria; o__Cellvibrionales; f__Halieaceae; g__; s__	d__Bacteria; p__Pseudomonadota; c__Gammaproteobacteria; o__Pseudomonadales; f__Halieaceae; g__Luminiphilus; s__Luminiphilus sp902613175	True	True
GCA_902623175.1	Halieaceae bacterium	d__Bacteria; p__Pseudomonadota; c__Gammaproteobacteria; o__Cellvibrionales; f__Halieaceae; g__; s__	d__Bacteria; p__Pseudomonadota; c__Gammaproteobacteria; o__Pseudomonadales; f__Halieaceae; g__Luminiphilus; s__Luminiphilus sp902623175	True	True
GCA_902631395.1	Halieaceae bacterium	d__Bacteria; p__Pseudomonadota; c__Gammaproteobacteria; o__Cellvibrionales; f__Halieaceae; g__; s__	d__Bacteria; p__Pseudomonadota; c__Gammaproteobacteria; o__Pseudomonadales; f__Halieaceae; g__Luminiphilus; s__Luminiphilus sp902631395	True	True
GCA_902705825.1	Halioglobus japonicus	d__Bacteria; p__Pseudomonadota; c__Gammaproteobacteria; o__Cellvibrionales; f__Halieaceae; g__Halioglobus; s__Halioglobus japonicus	d__Bacteria; p__Pseudomonadota; c__Gammaproteobacteria; o__Pseudomonadales; f__Halieaceae; g__Halioglobus; s__Halioglobus japonicus_A	True	True
GCA_905182485.1	uncultured Luminiphilus sp.	d__Bacteria; p__Pseudomonadota; c__Gammaproteobacteria; o__Cellvibrionales; f__Halieaceae; g__Luminiphilus; s__	d__Bacteria; p__Pseudomonadota; c__Gammaproteobacteria; o__Pseudomonadales; f__Halieaceae; g__Luminiphilus; s__Luminiphilus sp905182485	True	True
GCA_905478845.1	uncultured Luminiphilus sp.	d__Bacteria; p__Pseudomonadota; c__Gammaproteobacteria; o__Cellvibrionales; f__Halieaceae; g__Luminiphilus; s__	d__Bacteria; p__Pseudomonadota; c__Gammaproteobacteria; o__Pseudomonadales; f__Halieaceae; g__Luminiphilus; s__Luminiphilus sp905478845	True	True
GCA_905479205.1	uncultured Luminiphilus sp.	d__Bacteria; p__Pseudomonadota; c__Gammaproteobacteria; o__Cellvibrionales; f__Halieaceae; g__Luminiphilus; s__	d__Bacteria; p__Pseudomonadota; c__Gammaproteobacteria; o__Pseudomonadales; f__Halieaceae; g__Luminiphilus; s__Luminiphilus sp905479205	True	True
GCA_905480565.1	uncultured Halioglobus sp.	d__Bacteria; p__Pseudomonadota; c__Gammaproteobacteria; o__Cellvibrionales; f__Halieaceae; g__Halioglobus; s__	d__Bacteria; p__Pseudomonadota; c__Gammaproteobacteria; o__Pseudomonadales; f__Halieaceae; g__Halioglobus; s__Halioglobus sp905480565	True	True
GCA_913031575.1	uncultured Halieaceae bacterium	d__Bacteria; p__Pseudomonadota; c__Gammaproteobacteria; o__Cellvibrionales; f__Halieaceae; g__; s__	d__Bacteria; p__Pseudomonadota; c__Gammaproteobacteria; o__Pseudomonadales; f__Halieaceae; g__Luminiphilus; s__Luminiphilus sp002469785	True	True
GCA_913045375.1	uncultured Halieaceae bacterium	d__Bacteria; p__Pseudomonadota; c__Gammaproteobacteria; o__Cellvibrionales; f__Halieaceae; g__; s__	d__Bacteria; p__Pseudomonadota; c__Gammaproteobacteria; o__Pseudomonadales; f__Halieaceae; g__Luminiphilus; s__Luminiphilus sp913045375	True	True
GCA_913048495.1	uncultured Halieaceae bacterium	d__Bacteria; p__Pseudomonadota; c__Gammaproteobacteria; o__Cellvibrionales; f__Halieaceae; g__; s__	d__Bacteria; p__Pseudomonadota; c__Gammaproteobacteria; o__Pseudomonadales; f__Halieaceae; g__Pseudohaliea; s__Pseudohaliea sp913048495	True	True
GCA_913048575.1	uncultured Halieaceae bacterium	d__Bacteria; p__Pseudomonadota; c__Gammaproteobacteria; o__Cellvibrionales; f__Halieaceae; g__; s__	d__Bacteria; p__Pseudomonadota; c__Gammaproteobacteria; o__Pseudomonadales; f__Halieaceae; g__Luminiphilus; s__Luminiphilus sp913048575	True	True
GCA_913051825.1	uncultured Halieaceae bacterium	d__Bacteria; p__Pseudomonadota; c__Gammaproteobacteria; o__Cellvibrionales; f__Halieaceae; g__; s__	d__Bacteria; p__Pseudomonadota; c__Gammaproteobacteria; o__Pseudomonadales; f__Halieaceae; g__CABYJX01; s__CABYJX01 sp913051825	True	True
GCA_913052635.1	uncultured Halieaceae bacterium	d__Bacteria; p__Pseudomonadota; c__Gammaproteobacteria; o__Cellvibrionales; f__Halieaceae; g__; s__	d__Bacteria; p__Pseudomonadota; c__Gammaproteobacteria; o__Pseudomonadales; f__Halieaceae; g__Luminiphilus; s__Luminiphilus sp913052635	True	True
GCA_913056165.1	uncultured Halieaceae bacterium	d__Bacteria; p__Pseudomonadota; c__Gammaproteobacteria; o__Cellvibrionales; f__Halieaceae; g__; s__	d__Bacteria; p__Pseudomonadota; c__Gammaproteobacteria; o__Pseudomonadales; f__Halieaceae; g__Luminiphilus; s__Luminiphilus sp913056165	True	True
GCA_913057135.1	uncultured Halieaceae bacterium	d__Bacteria; p__Pseudomonadota; c__Gammaproteobacteria; o__Cellvibrionales; f__Halieaceae; g__; s__	d__Bacteria; p__Pseudomonadota; c__Gammaproteobacteria; o__Pseudomonadales; f__Halieaceae; g__Luminiphilus; s__Luminiphilus sp913057135	True	True
GCA_913061115.1	uncultured Haliea sp.	d__Bacteria; p__Pseudomonadota; c__Gammaproteobacteria; o__Cellvibrionales; f__Halieaceae; g__Haliea; s__	d__Bacteria; p__Pseudomonadota; c__Gammaproteobacteria; o__Pseudomonadales; f__Halieaceae; g__Halioglobus; s__Halioglobus sp913061115	True	True
GCA_913061145.1	uncultured Haliea sp.	d__Bacteria; p__Pseudomonadota; c__Gammaproteobacteria; o__Cellvibrionales; f__Halieaceae; g__Haliea; s__	d__Bacteria; p__Pseudomonadota; c__Gammaproteobacteria; o__Pseudomonadales; f__Halieaceae; g__Haliea; s__Haliea sp913061145	True	True
GCA_913062625.1	uncultured Haliea sp.	d__Bacteria; p__Pseudomonadota; c__Gammaproteobacteria; o__Cellvibrionales; f__Halieaceae; g__Haliea; s__	d__Bacteria; p__Pseudomonadota; c__Gammaproteobacteria; o__Pseudomonadales; f__Halieaceae; g__Halioglobus; s__Halioglobus sp913062625	True	True
GCA_913063005.1	uncultured Halieaceae bacterium	d__Bacteria; p__Pseudomonadota; c__Gammaproteobacteria; o__Cellvibrionales; f__Halieaceae; g__; s__	d__Bacteria; p__Pseudomonadota; c__Gammaproteobacteria; o__Pseudomonadales; f__Halieaceae; g__Luminiphilus; s__Luminiphilus sp913063005	True	True
GCA_913064725.1	uncultured Alteromonadaceae bacterium	d__Bacteria; p__Pseudomonadota; c__Gammaproteobacteria; o__Alteromonadales; f__Alteromonadaceae; g__; s__	d__Bacteria; p__Pseudomonadota; c__Gammaproteobacteria; o__Pseudomonadales; f__Halieaceae; g__Luminiphilus; s__Luminiphilus sp003331335	True	True
GCA_938045215.1	uncultured Halieaceae bacterium	d__Bacteria; p__Pseudomonadota; c__Gammaproteobacteria; o__Cellvibrionales; f__Halieaceae; g__; s__	d__Bacteria; p__Pseudomonadota; c__Gammaproteobacteria; o__Pseudomonadales; f__Halieaceae; g__CALINF01; s__CALINF01 sp938045215	True	True
GCA_938074045.1	uncultured Halieaceae bacterium	d__Bacteria; p__Pseudomonadota; c__Gammaproteobacteria; o__Cellvibrionales; f__Halieaceae; g__; s__	d__Bacteria; p__Pseudomonadota; c__Gammaproteobacteria; o__Pseudomonadales; f__Halieaceae; g__CALJGI01; s__CALJGI01 sp938074045	True	True
GCA_938074135.1	uncultured Halieaceae bacterium	d__Bacteria; p__Pseudomonadota; c__Gammaproteobacteria; o__Cellvibrionales; f__Halieaceae; g__; s__	d__Bacteria; p__Pseudomonadota; c__Gammaproteobacteria; o__Pseudomonadales; f__Halieaceae; g__CALJFL01; s__CALJFL01 sp938074135	True	True
GCA_938084055.1	uncultured Luminiphilus sp.	d__Bacteria; p__Pseudomonadota; c__Gammaproteobacteria; o__Cellvibrionales; f__Halieaceae; g__Luminiphilus; s__	d__Bacteria; p__Pseudomonadota; c__Gammaproteobacteria; o__Pseudomonadales; f__Halieaceae; g__Luminiphilus; s__Luminiphilus sp938084055	True	True
GCA_938085095.1	uncultured Luminiphilus sp.	d__Bacteria; p__Pseudomonadota; c__Gammaproteobacteria; o__Cellvibrionales; f__Halieaceae; g__Luminiphilus; s__	d__Bacteria; p__Pseudomonadota; c__Gammaproteobacteria; o__Pseudomonadales; f__Halieaceae; g__Luminiphilus; s__Luminiphilus sp938085095	True	True
GCA_938091425.1	uncultured Luminiphilus sp.	d__Bacteria; p__Pseudomonadota; c__Gammaproteobacteria; o__Cellvibrionales; f__Halieaceae; g__Luminiphilus; s__	d__Bacteria; p__Pseudomonadota; c__Gammaproteobacteria; o__Pseudomonadales; f__Halieaceae; g__Luminiphilus; s__Luminiphilus sp938091425	True	True
GCA_938091485.1	uncultured Luminiphilus sp.	d__Bacteria; p__Pseudomonadota; c__Gammaproteobacteria; o__Cellvibrionales; f__Halieaceae; g__Luminiphilus; s__	d__Bacteria; p__Pseudomonadota; c__Gammaproteobacteria; o__Pseudomonadales; f__Halieaceae; g__Luminiphilus; s__Luminiphilus sp938091485	True	True
GCA_938091995.1	uncultured Luminiphilus sp.	d__Bacteria; p__Pseudomonadota; c__Gammaproteobacteria; o__Cellvibrionales; f__Halieaceae; g__Luminiphilus; s__	d__Bacteria; p__Pseudomonadota; c__Gammaproteobacteria; o__Pseudomonadales; f__Halieaceae; g__Luminiphilus; s__Luminiphilus sp938091995	True	True
GCA_943787385.1	uncultured Luminiphilus sp.	d__Bacteria; p__Pseudomonadota; c__Gammaproteobacteria; o__Cellvibrionales; f__Halieaceae; g__Luminiphilus; s__	d__Bacteria; p__Pseudomonadota; c__Gammaproteobacteria; o__Pseudomonadales; f__Halieaceae; g__Luminiphilus; s__Luminiphilus sp009886815	True	True
GCA_943787485.1	uncultured Luminiphilus sp.	d__Bacteria; p__Pseudomonadota; c__Gammaproteobacteria; o__Cellvibrionales; f__Halieaceae; g__Luminiphilus; s__	d__Bacteria; p__Pseudomonadota; c__Gammaproteobacteria; o__Pseudomonadales; f__Halieaceae; g__Luminiphilus; s__Luminiphilus sp943787485	True	True
GCA_943789245.1	uncultured Luminiphilus sp.	d__Bacteria; p__Pseudomonadota; c__Gammaproteobacteria; o__Cellvibrionales; f__Halieaceae; g__Luminiphilus; s__	d__Bacteria; p__Pseudomonadota; c__Gammaproteobacteria; o__Pseudomonadales; f__Halieaceae; g__Luminiphilus; s__Luminiphilus sp002390485	True	True
GCA_943789425.1	uncultured Luminiphilus sp.	d__Bacteria; p__Pseudomonadota; c__Gammaproteobacteria; o__Cellvibrionales; f__Halieaceae; g__Luminiphilus; s__	d__Bacteria; p__Pseudomonadota; c__Gammaproteobacteria; o__Pseudomonadales; f__Halieaceae; g__Luminiphilus; s__Luminiphilus sp943789425	True	True
GCA_943840615.1	uncultured Luminiphilus sp.	d__Bacteria; p__Pseudomonadota; c__Gammaproteobacteria; o__Cellvibrionales; f__Halieaceae; g__Luminiphilus; s__	d__Bacteria; p__Pseudomonadota; c__Gammaproteobacteria; o__Pseudomonadales; f__Halieaceae; g__Luminiphilus; s__Luminiphilus sp943840615	True	True
GCA_947258585.1	uncultured Haliea sp.	d__Bacteria; p__Pseudomonadota; c__Gammaproteobacteria; o__Cellvibrionales; f__Halieaceae; g__Haliea; s__	d__Bacteria; p__Pseudomonadota; c__Gammaproteobacteria; o__Pseudomonadales; f__Halieaceae; g__Haliea; s__Haliea sp947258585	True	True
GCF_000153125.2	Congregibacter litoralis KT71	d__Bacteria; p__Pseudomonadota; c__Gammaproteobacteria; o__Cellvibrionales; f__Halieaceae; g__Congregibacter; s__Congregibacter litoralis	d__Bacteria; p__Pseudomonadota; c__Gammaproteobacteria; o__Pseudomonadales; f__Halieaceae; g__Congregibacter; s__Congregibacter litoralis	True	True
GCF_000158175.1	Luminiphilus syltensis NOR5-1B	d__Bacteria; p__Pseudomonadota; c__Gammaproteobacteria; o__Cellvibrionales; f__Halieaceae; g__Luminiphilus; s__Luminiphilus syltensis	d__Bacteria; p__Pseudomonadota; c__Gammaproteobacteria; o__Pseudomonadales; f__Halieaceae; g__Luminiphilus; s__Luminiphilus syltensis	True	True
GCF_000423125.1	Haliea salexigens DSM 19537	d__Bacteria; p__Pseudomonadota; c__Gammaproteobacteria; o__Cellvibrionales; f__Halieaceae; g__Haliea; s__Haliea salexigens	d__Bacteria; p__Pseudomonadota; c__Gammaproteobacteria; o__Pseudomonadales; f__Halieaceae; g__Haliea; s__Haliea salexigens	True	True
GCF_000764025.1	Pseudohaliea rubra DSM 19751	d__Bacteria; p__Pseudomonadota; c__Gammaproteobacteria; o__Cellvibrionales; f__Halieaceae; g__Pseudohaliea; s__Pseudohaliea rubra	d__Bacteria; p__Pseudomonadota; c__Gammaproteobacteria; o__Pseudomonadales; f__Halieaceae; g__Pseudohaliea; s__Pseudohaliea rubra	True	True
GCF_001983995.1	Halioglobus japonicus	d__Bacteria; p__Pseudomonadota; c__Gammaproteobacteria; o__Cellvibrionales; f__Halieaceae; g__Halioglobus; s__Halioglobus japonicus	d__Bacteria; p__Pseudomonadota; c__Gammaproteobacteria; o__Pseudomonadales; f__Halieaceae; g__Halioglobus; s__Halioglobus japonicus	True	True
GCF_002866825.1	Pseudohalioglobus lutimaris	d__Bacteria; p__Pseudomonadota; c__Gammaproteobacteria; o__Cellvibrionales; f__Halieaceae; g__Pseudohalioglobus; s__Pseudohalioglobus lutimaris	d__Bacteria; p__Pseudomonadota; c__Gammaproteobacteria; o__Pseudomonadales; f__Halieaceae; g__Halioglobus; s__Halioglobus lutimaris	True	True
GCF_002868715.1	Kineobactrum sediminis	d__Bacteria; p__Pseudomonadota; c__Gammaproteobacteria; o__Cellvibrionales; f__Halieaceae; g__Kineobactrum; s__Kineobactrum sediminis	d__Bacteria; p__Pseudomonadota; c__Gammaproteobacteria; o__Pseudomonadales; f__Halieaceae; g__Kineobactrum; s__Kineobactrum sediminis	True	True
GCF_003402235.1	Parahaliea mediterranea	d__Bacteria; p__Pseudomonadota; c__Gammaproteobacteria; o__Cellvibrionales; f__Halieaceae; g__Parahaliea; s__Parahaliea mediterranea	d__Bacteria; p__Pseudomonadota; c__Gammaproteobacteria; o__Pseudomonadales; f__Halieaceae; g__Parahaliea; s__Parahaliea mediterranea	True	True
GCF_003457605.1	Seongchinamella sediminis	d__Bacteria; p__Pseudomonadota; c__Gammaproteobacteria; o__Cellvibrionales; f__Halieaceae; g__Seongchinamella; s__Seongchinamella sediminis	d__Bacteria; p__Pseudomonadota; c__Gammaproteobacteria; o__Pseudomonadales; f__Halieaceae; g__Halioglobus; s__Halioglobus sediminis	True	True
GCF_003719295.1	Haliea alexandrii	d__Bacteria; p__Pseudomonadota; c__Gammaproteobacteria; o__Cellvibrionales; f__Halieaceae; g__Haliea; s__Haliea alexandrii	d__Bacteria; p__Pseudomonadota; c__Gammaproteobacteria; o__Pseudomonadales; f__Halieaceae; g__Haliea; s__Haliea alexandrii	True	True
GCF_004340525.1	Chromatocurvus halotolerans	d__Bacteria; p__Pseudomonadota; c__Gammaproteobacteria; o__Cellvibrionales; f__Halieaceae; g__Chromatocurvus; s__Chromatocurvus halotolerans	d__Bacteria; p__Pseudomonadota; c__Gammaproteobacteria; o__Pseudomonadales; f__Halieaceae; g__Chromatocurvus; s__Chromatocurvus halotolerans	True	True
GCF_004354085.1	Seongchinamella unica	d__Bacteria; p__Pseudomonadota; c__Gammaproteobacteria; o__Cellvibrionales; f__Halieaceae; g__Seongchinamella; s__Seongchinamella unica	d__Bacteria; p__Pseudomonadota; c__Gammaproteobacteria; o__Pseudomonadales; f__Halieaceae; g__Halioglobus; s__Halioglobus unicus	True	True
GCF_004745945.1	Haliea sp. SAOS-164	d__Bacteria; p__Pseudomonadota; c__Gammaproteobacteria; o__Cellvibrionales; f__Halieaceae; g__Haliea; s__	d__Bacteria; p__Pseudomonadota; c__Gammaproteobacteria; o__Pseudomonadales; f__Halieaceae; g__Halioglobus; s__Halioglobus sp004745945	True	True
GCF_008064635.1	Parahaliea aestuarii	d__Bacteria; p__Pseudomonadota; c__Gammaproteobacteria; o__Cellvibrionales; f__Halieaceae; g__Parahaliea; s__Parahaliea aestuarii	d__Bacteria; p__Pseudomonadota; c__Gammaproteobacteria; o__Pseudomonadales; f__Halieaceae; g__Parahaliea; s__Parahaliea aestuarii	True	True
GCF_008064665.1	Parahaliea maris	d__Bacteria; p__Pseudomonadota; c__Gammaproteobacteria; o__Cellvibrionales; f__Halieaceae; g__Parahaliea; s__Parahaliea maris	d__Bacteria; p__Pseudomonadota; c__Gammaproteobacteria; o__Pseudomonadales; f__Halieaceae; g__Parahaliea; s__Parahaliea maris	True	True
GCF_008370495.1	Pseudohalioglobus sediminis	d__Bacteria; p__Pseudomonadota; c__Gammaproteobacteria; o__Cellvibrionales; f__Halieaceae; g__Pseudohalioglobus; s__Pseudohalioglobus sediminis	d__Bacteria; p__Pseudomonadota; c__Gammaproteobacteria; o__Pseudomonadales; f__Halieaceae; g__Halioglobus; s__Halioglobus sp008370495	True	True
GCF_009388985.1	Halioglobus maricola	d__Bacteria; p__Pseudomonadota; c__Gammaproteobacteria; o__Cellvibrionales; f__Halieaceae; g__Halioglobus; s__Halioglobus maricola	d__Bacteria; p__Pseudomonadota; c__Gammaproteobacteria; o__Pseudomonadales; f__Halieaceae; g__Halioglobus; s__Halioglobus maricola	True	True
GCF_009910365.1	Aequoribacter fuscus	d__Bacteria; p__Pseudomonadota; c__Gammaproteobacteria; o__Cellvibrionales; f__Halieaceae; g__Aequoribacter; s__Aequoribacter fuscus	d__Bacteria; p__Pseudomonadota; c__Gammaproteobacteria; o__Pseudomonadales; f__Halieaceae; g__Aequoribacter; s__Aequoribacter fuscus	True	True
GCF_010669285.1	Kineobactrum salinum	d__Bacteria; p__Pseudomonadota; c__Gammaproteobacteria; o__Cellvibrionales; f__Halieaceae; g__Kineobactrum; s__Kineobactrum salinum	d__Bacteria; p__Pseudomonadota; c__Gammaproteobacteria; o__Pseudomonadales; f__Halieaceae; g__Kineobactrum; s__Kineobactrum salinum	True	True
GCF_014077625.1	Sediminihaliea albiluteola	d__Bacteria; p__Pseudomonadota; c__Gammaproteobacteria; o__Cellvibrionales; f__Halieaceae; g__Sediminihaliea; s__Sediminihaliea albiluteola	d__Bacteria; p__Pseudomonadota; c__Gammaproteobacteria; o__Pseudomonadales; f__Halieaceae; g__Sediminihaliea; s__Sediminihaliea albiluteola	True	True
GCF_014652275.1	Halioglobus pacificus	d__Bacteria; p__Pseudomonadota; c__Gammaproteobacteria; o__Cellvibrionales; f__Halieaceae; g__Halioglobus; s__Halioglobus pacificus	d__Bacteria; p__Pseudomonadota; c__Gammaproteobacteria; o__Pseudomonadales; f__Halieaceae; g__Halioglobus_A; s__Halioglobus_A pacificus	True	True
GCF_017255185.1	Parahaliea mediterranea	d__Bacteria; p__Pseudomonadota; c__Gammaproteobacteria; o__Cellvibrionales; f__Halieaceae; g__Parahaliea; s__Parahaliea mediterranea	d__Bacteria; p__Pseudomonadota; c__Gammaproteobacteria; o__Pseudomonadales; f__Halieaceae; g__Parahaliea; s__Parahaliea mediterranea_A	True	True
GCF_026230195.1	Candidatus Paraluminiphilus aquimaris	d__Bacteria; p__Pseudomonadota; c__Gammaproteobacteria; o__Cellvibrionales; f__Halieaceae; g__Candidatus Paraluminiphilus; s__Candidatus Paraluminiphilus aquimaris	d__Bacteria; p__Pseudomonadota; c__Gammaproteobacteria; o__Pseudomonadales; f__Halieaceae; g__Luminiphilus; s__Luminiphilus aquimaris	True	True
GCF_026262625.1	Candidatus Litorirhabdus singularis	d__Bacteria; p__Pseudomonadota; c__Gammaproteobacteria; o__Cellvibrionales; f__Halieaceae; g__Candidatus Litorirhabdus; s__Candidatus Litorirhabdus singularis	d__Bacteria; p__Pseudomonadota; c__Gammaproteobacteria; o__Pseudomonadales; f__Halieaceae; g__Litorirhabdus; s__Litorirhabdus singularis	True	True
GCF_026262645.1	Candidatus Marimicrobium litorale	d__Bacteria; p__Pseudomonadota; c__Gammaproteobacteria; o__Cellvibrionales; f__Halieaceae; g__Marimicrobium; s__Candidatus Marimicrobium litorale	d__Bacteria; p__Pseudomonadota; c__Gammaproteobacteria; o__Pseudomonadales; f__Halieaceae; g__Halioglobus; s__Halioglobus litorale	True	True
GCF_026262685.1	Candidatus Seongchinamella marina	d__Bacteria; p__Pseudomonadota; c__Gammaproteobacteria; o__Cellvibrionales; f__Halieaceae; g__Seongchinamella; s__Candidatus Seongchinamella marina	d__Bacteria; p__Pseudomonadota; c__Gammaproteobacteria; o__Pseudomonadales; f__Halieaceae; g__Halioglobus; s__Halioglobus marina	True	True
GCF_030649675.1	Haliea sp. E1-2-M8	d__Bacteria; p__Pseudomonadota; c__Gammaproteobacteria; o__Cellvibrionales; f__Halieaceae; g__Haliea; s__	d__Bacteria; p__Pseudomonadota; c__Gammaproteobacteria; o__Pseudomonadales; f__Halieaceae; g__Haliea; s__Haliea sp030649675	True	True
